SourceBus,6668.395609,0.000000,6668.395609,4.188790,6668.395609,2.094395
Bus1,250.557531,-0.536303,251.251271,3.657675,250.997123,1.559791
Bus2,250.355675,-0.536263,251.202445,3.657583,250.882652,1.560055
Bus3,250.334514,-0.536259,251.197326,3.657573,250.870652,1.560083
Bus4,250.314688,-0.536255,251.192531,3.657564,250.859411,1.560109
Bus5,250.297403,-0.536252,251.188350,3.657556,250.849610,1.560132
Bus6,250.270173,-0.536246,251.181763,3.657544,250.834170,1.560168
Bus7,248.415929,-0.535874,250.733348,3.656694,249.783526,1.562611
Bus8,248.332881,-0.535858,250.713268,3.656656,249.736504,1.562720
Bus9,248.263759,-0.535844,250.696556,3.656624,249.697369,1.562812
Bus10,248.203098,-0.535831,250.681890,3.656596,249.663027,1.562892
Bus11,248.157834,-0.535822,250.670946,3.656575,249.637402,1.562952
Bus12,248.115343,-0.535814,250.660673,3.656556,249.613348,1.563008
Bus13,248.089214,-0.535808,250.654356,3.656544,249.598557,1.563043
Bus14,248.024166,-0.535795,250.638629,3.656514,249.561736,1.563129
Bus15,247.497221,-0.535688,250.511239,3.656271,249.263520,1.563829
Bus16,247.497221,-0.535688,250.511239,3.656271,249.263520,1.563829
Bus17,246.858215,-0.535558,250.356777,3.655977,248.902046,1.564679
Bus18,247.497221,-0.535688,250.511239,3.656271,249.263520,1.563829
Bus19,246.814247,-0.535549,250.346150,3.655957,248.877181,1.564737
Bus20,247.497221,-0.535688,250.511239,3.656271,249.263520,1.563829
Bus21,246.764877,-0.535539,250.334217,3.655934,248.849262,1.564803
Bus22,247.497221,-0.535688,250.511239,3.656271,249.263520,1.563829
Bus23,246.684492,-0.535522,250.314788,3.655897,248.803806,1.564910
Bus24,247.497221,-0.535688,250.511239,3.656271,249.263520,1.563829
Bus25,246.538254,-0.535492,250.279443,3.655830,248.721117,1.565105
Bus26,247.497221,-0.535688,250.511239,3.656271,249.263520,1.563829
Bus27,246.535676,-0.535490,250.279450,3.655830,248.721145,1.565105
Bus28,244.708714,-0.535117,249.836332,3.654989,247.684728,1.567557
Bus29,247.497221,-0.535688,250.511239,3.656271,249.263520,1.563829
Bus30,246.535392,-0.535490,250.279451,3.655830,248.721149,1.565105
Bus31,246.535261,-0.535489,250.279452,3.655830,248.721150,1.565105
Bus32,244.221667,-0.535016,249.718399,3.654764,247.409077,1.568213
Bus33,247.497221,-0.535688,250.511239,3.656271,249.263520,1.563829
Bus34,246.534742,-0.535489,250.279453,3.655830,248.721156,1.565106
Bus35,246.535247,-0.535489,250.279452,3.655830,248.721150,1.565105
Bus36,244.221696,-0.535016,249.715767,3.654767,247.409085,1.568213
Bus37,242.748135,-0.534711,249.364417,3.654082,246.575996,1.570211
Bus38,247.497221,-0.535688,250.511239,3.656271,249.263520,1.563829
Bus39,246.535227,-0.535489,250.279452,3.655830,248.721150,1.565105
Bus40,244.221697,-0.535016,249.715667,3.654767,247.409085,1.568213
Bus41,244.221700,-0.535016,249.715386,3.654767,247.409086,1.568213
Bus42,241.725615,-0.534498,249.118846,3.653608,245.998474,1.571605
Bus43,242.748135,-0.534711,249.364417,3.654082,246.575996,1.570211
Bus44,247.497221,-0.535688,250.511239,3.656271,249.263520,1.563829
Bus45,246.535201,-0.535489,250.279452,3.655830,248.721151,1.565105
Bus46,244.221698,-0.535016,249.715622,3.654767,247.409085,1.568213
Bus47,244.221710,-0.535016,249.714471,3.654768,247.409089,1.568213
Bus48,240.952948,-0.534335,248.933316,3.653249,245.562384,1.572663
Bus49,242.748135,-0.534711,249.364417,3.654082,246.575996,1.570211
Bus50,247.497221,-0.535688,250.511239,3.656271,249.263520,1.563829
Bus51,246.535138,-0.535489,250.279452,3.655830,248.721151,1.565105
Bus52,244.221698,-0.535016,249.715575,3.654767,247.409086,1.568213
Bus53,240.841546,-0.534311,248.906569,3.653197,245.499532,1.572816
Bus54,240.952948,-0.534335,248.933316,3.653249,245.562384,1.572663
Bus55,242.748135,-0.534711,249.364417,3.654082,246.575996,1.570211
Bus56,247.497221,-0.535688,250.511239,3.656271,249.263520,1.563829
Bus57,246.535084,-0.535489,250.279452,3.655830,248.721152,1.565105
Bus58,244.221699,-0.535016,249.715529,3.654767,247.409086,1.568213
Bus59,240.336924,-0.534205,248.785420,3.652962,245.214898,1.573509
Bus60,240.952948,-0.534335,248.933316,3.653249,245.562384,1.572663
Bus61,242.748135,-0.534711,249.364417,3.654082,246.575996,1.570211
Bus62,247.497221,-0.535688,250.511239,3.656271,249.263520,1.563829
Bus63,246.534825,-0.535489,250.279453,3.655830,248.721155,1.565105
Bus64,244.221699,-0.535016,249.715502,3.654767,247.409086,1.568213
Bus65,240.370780,-0.534310,248.747202,3.653156,245.111276,1.573483
Bus66,237.410132,-0.531208,248.794435,3.652794,245.247162,1.573625
Bus67,240.952948,-0.534335,248.933316,3.653249,245.562384,1.572663
Bus68,242.748135,-0.534711,249.364417,3.654082,246.575996,1.570211
Bus69,247.497221,-0.535688,250.511239,3.656271,249.263520,1.563829
Bus70,246.533909,-0.535488,250.279456,3.655830,248.721165,1.565106
Bus71,244.221700,-0.535016,249.715449,3.654767,247.409086,1.568213
Bus72,240.770983,-0.535551,248.296382,3.655445,243.887034,1.573169
Bus73,236.388216,-0.530144,248.797589,3.652735,245.258432,1.573665
Bus74,237.002135,-0.530783,248.795691,3.652770,245.251665,1.573641
Bus75,240.952948,-0.534335,248.933316,3.653249,245.562384,1.572663
Bus76,242.748135,-0.534711,249.364417,3.654082,246.575996,1.570211
Bus77,247.497221,-0.535688,250.511239,3.656271,249.263520,1.563829
Bus78,244.221703,-0.535016,249.715179,3.654768,247.409087,1.568213
Bus79,240.910570,-0.535982,248.139545,3.656244,243.460300,1.573058
Bus80,240.952948,-0.534335,248.933316,3.653249,245.562384,1.572663
Bus81,242.748135,-0.534711,249.364417,3.654082,246.575996,1.570211
Bus82,247.497221,-0.535688,250.511239,3.656271,249.263520,1.563829
Bus83,244.221714,-0.535016,249.714162,3.654769,247.409090,1.568213
Bus84,240.941038,-0.536077,248.105339,3.656419,243.367173,1.573034
Bus85,240.952948,-0.534335,248.933316,3.653249,245.562384,1.572663
Bus86,242.748135,-0.534711,249.364417,3.654082,246.575996,1.570211
Bus87,247.497221,-0.535688,250.511239,3.656271,249.263520,1.563829
Bus88,241.002830,-0.536267,248.035998,3.656773,243.178327,1.572985
Bus89,240.952948,-0.534335,248.933316,3.653249,245.562384,1.572663
Bus90,242.748135,-0.534711,249.364417,3.654082,246.575996,1.570211
Bus91,247.497221,-0.535688,250.511239,3.656271,249.263520,1.563829
Bus92,241.061111,-0.536447,247.970634,3.657108,243.000237,1.572939
Bus93,242.748135,-0.534711,249.364417,3.654082,246.575996,1.570211
Bus94,247.497221,-0.535688,250.511239,3.656271,249.263520,1.563829
Bus95,241.094989,-0.536552,247.932655,3.657302,242.896724,1.572912
Bus96,242.748135,-0.534711,249.364417,3.654082,246.575996,1.570211
Bus97,247.497221,-0.535688,250.511239,3.656271,249.263520,1.563829
Bus98,241.117365,-0.536621,247.907578,3.657431,242.828362,1.572894
Bus99,242.748135,-0.534711,249.364417,3.654082,246.575996,1.570211
Bus100,247.497221,-0.535688,250.511239,3.656271,249.263520,1.563829
Bus101,241.148261,-0.536716,247.872960,3.657608,242.733973,1.572870
Bus102,242.748135,-0.534711,249.364417,3.654082,246.575996,1.570211
Bus103,247.497221,-0.535688,250.511239,3.656271,249.263520,1.563829
Bus104,241.148262,-0.536716,247.872936,3.657608,242.733951,1.572870
Bus105,241.168654,-0.536779,247.850230,3.657725,242.671766,1.572853
Bus106,242.748135,-0.534711,249.364417,3.654082,246.575996,1.570211
Bus107,241.148263,-0.536716,247.872906,3.657608,242.733923,1.572870
Bus108,241.180218,-0.536814,247.837343,3.657791,242.636492,1.572844
Bus109,242.748135,-0.534711,249.364417,3.654082,246.575996,1.570211
Bus110,241.148264,-0.536716,247.872871,3.657608,242.733892,1.572869
Bus111,241.636759,-0.538218,247.329709,3.660413,241.244676,1.572481
Bus112,242.748135,-0.534711,249.364417,3.654082,246.575996,1.570211
Bus113,241.148266,-0.536716,247.872818,3.657608,242.733843,1.572869
Bus114,241.682520,-0.538359,247.278949,3.660676,241.105248,1.572444
Bus115,242.748135,-0.534711,249.364417,3.654082,246.575996,1.570211
Bus116,241.148268,-0.536716,247.872750,3.657608,242.733781,1.572869
Bus117,241.682519,-0.538359,247.278897,3.660676,241.105153,1.572444
Bus118,241.826005,-0.538802,247.124477,3.661426,240.673161,1.572214
Bus119,242.748135,-0.534711,249.364417,3.654082,246.575996,1.570211
Bus120,241.148270,-0.536716,247.872701,3.657608,242.733736,1.572869
Bus121,241.682519,-0.538359,247.278897,3.660676,241.105153,1.572444
Bus122,241.682518,-0.538359,247.278872,3.660676,241.105107,1.572444
Bus123,242.084880,-0.539599,246.846258,3.662781,239.893982,1.571795
Bus124,242.748135,-0.534711,249.364417,3.654082,246.575996,1.570211
Bus125,241.148272,-0.536716,247.872632,3.657608,242.733673,1.572869
Bus126,241.682519,-0.538359,247.278897,3.660676,241.105153,1.572444
Bus127,241.682515,-0.538359,247.278753,3.660676,241.104891,1.572444
Bus128,242.201346,-0.539957,246.721292,3.663391,239.543599,1.571606
Bus129,242.748135,-0.534711,249.364417,3.654082,246.575996,1.570211
Bus130,241.148275,-0.536716,247.872557,3.657608,242.733605,1.572869
Bus131,241.682519,-0.538359,247.278897,3.660676,241.105153,1.572444
Bus132,241.681589,-0.538358,247.278755,3.660676,241.104902,1.572444
Bus133,241.682780,-0.538360,247.278388,3.660677,241.104193,1.572443
Bus134,242.236003,-0.540063,246.684128,3.663573,239.439352,1.571550
Bus135,242.748135,-0.534711,249.364417,3.654082,246.575996,1.570211
Bus136,241.148277,-0.536716,247.872487,3.657608,242.733541,1.572869
Bus137,241.682519,-0.538359,247.278897,3.660676,241.105153,1.572444
Bus138,241.681509,-0.538358,247.278755,3.660676,241.104903,1.572444
Bus139,241.682978,-0.538360,247.278116,3.660678,241.103673,1.572442
Bus140,242.275129,-0.540183,246.642188,3.663778,239.321678,1.571486
Bus141,242.748135,-0.534711,249.364417,3.654082,246.575996,1.570211
Bus142,241.148281,-0.536716,247.872371,3.657608,242.733435,1.572868
Bus143,241.682519,-0.538359,247.278897,3.660676,241.105153,1.572444
Bus144,241.681431,-0.538358,247.278756,3.660676,241.104903,1.572444
Bus145,241.683110,-0.538360,247.277934,3.660678,241.103324,1.572441
Bus146,242.311928,-0.540296,246.602754,3.663971,239.211010,1.571426
Bus147,242.748135,-0.534711,249.364417,3.654082,246.575996,1.570211
Bus148,241.148299,-0.536716,247.871819,3.657608,242.732932,1.572867
Bus149,241.682519,-0.538359,247.278897,3.660676,241.105153,1.572444
Bus150,241.681367,-0.538358,247.278756,3.660676,241.104904,1.572444
Bus151,241.683152,-0.538361,247.278050,3.660678,241.102947,1.572441
Bus152,241.683139,-0.538360,247.275230,3.660681,241.103332,1.572441
Bus153,242.354870,-0.540428,246.556753,3.664196,239.081882,1.571356
Bus154,242.748135,-0.534711,249.364417,3.654082,246.575996,1.570211
Bus155,241.148303,-0.536717,247.871699,3.657608,242.732822,1.572867
Bus156,241.682519,-0.538359,247.278897,3.660676,241.105153,1.572444
Bus157,241.681273,-0.538358,247.278756,3.660676,241.104905,1.572444
Bus158,241.683261,-0.538363,247.278357,3.660680,241.101946,1.572440
Bus159,241.683141,-0.538360,247.275065,3.660681,241.103333,1.572441
Bus160,242.367228,-0.540466,246.543518,3.664261,239.044726,1.571336
Bus161,242.748135,-0.534711,249.364417,3.654082,246.575996,1.570211
Bus162,241.148337,-0.536716,247.868584,3.657611,242.732831,1.572867
Bus163,241.148250,-0.536717,247.871467,3.657608,242.732386,1.572866
Bus164,241.682519,-0.538359,247.278897,3.660676,241.105153,1.572444
Bus165,241.681158,-0.538358,247.278756,3.660676,241.104906,1.572444
Bus166,241.683300,-0.538363,247.278463,3.660680,241.101598,1.572440
Bus167,241.683143,-0.538360,247.274915,3.660681,241.103333,1.572441
Bus168,242.437437,-0.540681,246.468352,3.664630,238.833640,1.571221
Bus169,242.748135,-0.534711,249.364417,3.654082,246.575996,1.570211
Bus170,241.148343,-0.536716,247.867996,3.657612,242.732833,1.572867
Bus171,241.148180,-0.536718,247.871158,3.657608,242.731806,1.572865
Bus172,241.682519,-0.538359,247.278897,3.660676,241.105153,1.572444
Bus173,241.681072,-0.538358,247.278757,3.660676,241.104907,1.572444
Bus174,241.683300,-0.538363,247.278463,3.660680,241.101598,1.572440
Bus175,241.683309,-0.538363,247.278494,3.660680,241.098783,1.572443
Bus176,241.683144,-0.538360,247.274852,3.660681,241.103333,1.572441
Bus177,242.477097,-0.540803,246.425913,3.664838,238.714419,1.571156
Bus178,241.148357,-0.536716,247.866782,3.657613,242.732836,1.572867
Bus179,241.148155,-0.536718,247.871068,3.657608,242.731833,1.572865
Bus180,241.148186,-0.536718,247.871175,3.657609,242.730196,1.572867
Bus181,241.682519,-0.538359,247.278897,3.660676,241.105153,1.572444
Bus182,241.680972,-0.538358,247.278757,3.660676,241.104909,1.572444
Bus183,241.683300,-0.538363,247.278463,3.660680,241.101598,1.572440
Bus184,241.683310,-0.538364,247.278497,3.660680,241.098479,1.572444
Bus185,241.683145,-0.538360,247.274718,3.660681,241.103334,1.572441
Bus186,242.506540,-0.540893,246.394416,3.664992,238.625919,1.571108
Bus187,241.148055,-0.536717,247.870714,3.657608,242.731937,1.572865
Bus188,241.148207,-0.536718,247.871248,3.657609,242.723529,1.572874
Bus189,241.682519,-0.538359,247.278897,3.660676,241.105153,1.572444
Bus190,241.680878,-0.538357,247.278757,3.660676,241.104910,1.572444
Bus191,241.683300,-0.538363,247.278463,3.660680,241.101598,1.572440
Bus192,241.683300,-0.538363,247.278463,3.660680,241.101598,1.572440
Bus193,241.683311,-0.538364,247.278500,3.660680,241.098185,1.572444
Bus194,241.683149,-0.538360,247.274375,3.660681,241.103335,1.572441
Bus195,242.533012,-0.540974,246.366104,3.665132,238.546353,1.571065
Bus196,241.147877,-0.536717,247.870082,3.657607,242.732123,1.572864
Bus197,241.148208,-0.536718,247.871252,3.657609,242.723114,1.572874
Bus198,241.148209,-0.536718,247.871253,3.657609,242.723015,1.572874
Bus199,241.682519,-0.538359,247.278897,3.660676,241.105153,1.572444
Bus200,241.680777,-0.538357,247.278757,3.660676,241.104911,1.572444
Bus201,241.683300,-0.538363,247.278463,3.660680,241.101598,1.572440
Bus202,241.683300,-0.538363,247.278463,3.660680,241.101598,1.572440
Bus203,241.683311,-0.538364,247.278503,3.660680,241.097950,1.572444
Bus204,241.683151,-0.538360,247.274174,3.660682,241.103335,1.572441
Bus205,242.565900,-0.541075,246.330938,3.665304,238.447511,1.571011
Bus206,241.146927,-0.536716,247.870085,3.657607,242.732134,1.572864
Bus207,241.147930,-0.536716,247.869910,3.657607,242.732141,1.572864
Bus208,241.148212,-0.536718,247.871263,3.657609,242.722064,1.572875
Bus209,241.148209,-0.536718,247.871254,3.657609,242.722943,1.572874
Bus210,241.682519,-0.538359,247.278897,3.660676,241.105153,1.572444
Bus211,241.680622,-0.538357,247.278758,3.660676,241.104912,1.572444
Bus212,241.683300,-0.538363,247.278463,3.660680,241.101598,1.572440
Bus213,241.683312,-0.538364,247.278505,3.660680,241.097763,1.572444
Bus214,241.683152,-0.538360,247.274033,3.660682,241.103336,1.572441
Bus215,242.626596,-0.541260,246.266066,3.665623,238.265115,1.570911
Bus216,241.143818,-0.536712,247.870094,3.657607,242.732168,1.572864
Bus217,241.148026,-0.536716,247.869598,3.657607,242.732171,1.572863
Bus218,241.148209,-0.536718,247.871254,3.657609,242.722884,1.572874
Bus219,241.682519,-0.538359,247.278897,3.660676,241.105153,1.572444
Bus220,241.680200,-0.538357,247.278759,3.660676,241.104917,1.572444
Bus221,241.683300,-0.538363,247.278463,3.660680,241.101598,1.572440
Bus222,241.683313,-0.538364,247.278509,3.660680,241.097366,1.572445
Bus223,241.683155,-0.538360,247.273762,3.660682,241.103337,1.572441
Bus224,242.679520,-0.541422,246.209528,3.665901,238.106097,1.570825
Bus225,241.142477,-0.536711,247.870098,3.657607,242.732183,1.572864
Bus226,241.148060,-0.536716,247.869487,3.657607,242.732182,1.572863
Bus227,241.148209,-0.536718,247.871255,3.657609,242.722838,1.572874
Bus228,241.680164,-0.538357,247.278759,3.660676,241.104917,1.572444
Bus229,241.683300,-0.538363,247.278463,3.660680,241.101598,1.572440
Bus230,241.683314,-0.538364,247.278512,3.660680,241.097054,1.572445
Bus231,241.683157,-0.538360,247.273627,3.660682,241.103337,1.572441
Bus232,242.715525,-0.541532,246.171079,3.666091,237.997927,1.570765
Bus233,241.148126,-0.536716,247.863405,3.657613,242.732200,1.572863
Bus234,241.148060,-0.536716,247.869487,3.657607,242.732182,1.572863
Bus235,241.148209,-0.536718,247.871256,3.657609,242.722766,1.572875
Bus236,241.680147,-0.538357,247.278759,3.660676,241.104918,1.572444
Bus237,241.683300,-0.538363,247.278463,3.660680,241.101598,1.572440
Bus238,241.683315,-0.538364,247.278515,3.660680,241.096838,1.572445
Bus239,241.683158,-0.538360,247.273531,3.660682,241.103337,1.572441
Bus240,242.739179,-0.541604,246.145826,3.666215,237.926869,1.570726
Bus241,241.148135,-0.536716,247.862522,3.657614,242.732202,1.572863
Bus242,241.148210,-0.536718,247.871257,3.657609,242.722683,1.572875
Bus243,241.680129,-0.538357,247.278759,3.660676,241.104918,1.572444
Bus244,241.683300,-0.538363,247.278463,3.660680,241.101598,1.572440
Bus245,241.683316,-0.538364,247.278517,3.660680,241.096622,1.572445
Bus246,241.683170,-0.538360,247.272435,3.660683,241.103340,1.572441
Bus247,242.790090,-0.541760,246.091491,3.666483,237.773941,1.570643
Bus248,241.148151,-0.536715,247.861064,3.657615,242.732206,1.572863
Bus249,241.148149,-0.536715,247.861269,3.657615,242.732206,1.572863
Bus250,241.148210,-0.536718,247.871258,3.657609,242.722554,1.572875
Bus251,241.680112,-0.538357,247.278759,3.660676,241.104918,1.572444
Bus252,241.683300,-0.538363,247.278463,3.660680,241.101598,1.572440
Bus253,241.683317,-0.538364,247.278521,3.660680,241.096306,1.572446
Bus254,241.683173,-0.538360,247.272112,3.660684,241.103341,1.572441
Bus255,242.789080,-0.541759,246.091494,3.666483,237.773952,1.570643
Bus256,242.823884,-0.541863,246.055520,3.666661,237.672664,1.570587
Bus257,241.148212,-0.536718,247.871263,3.657609,242.722084,1.572875
Bus258,241.680093,-0.538357,247.278759,3.660676,241.104918,1.572444
Bus259,241.683300,-0.538363,247.278463,3.660680,241.101598,1.572440
Bus260,241.683321,-0.538364,247.278534,3.660680,241.095119,1.572447
Bus261,241.683174,-0.538360,247.272039,3.660684,241.103342,1.572441
Bus262,242.788940,-0.541759,246.091494,3.666483,237.773954,1.570643
Bus263,242.950628,-0.542249,245.920702,3.667327,237.292899,1.570378
Bus264,241.148219,-0.536718,247.871288,3.657609,242.719795,1.572878
Bus265,241.680054,-0.538357,247.278760,3.660676,241.104919,1.572444
Bus266,241.683300,-0.538363,247.278463,3.660680,241.101598,1.572440
Bus267,241.683321,-0.538364,247.278537,3.660680,241.094841,1.572447
Bus268,241.683184,-0.538360,247.271103,3.660685,241.103344,1.572441
Bus269,241.683174,-0.538360,247.272009,3.660684,241.103342,1.572441
Bus270,242.788876,-0.541759,246.091494,3.666483,237.773954,1.570643
Bus271,242.950632,-0.542249,245.920714,3.667327,237.291763,1.570379
Bus272,242.993197,-0.542378,245.875397,3.667551,237.165463,1.570307
Bus273,241.680014,-0.538357,247.278760,3.660676,241.104919,1.572444
Bus274,241.683300,-0.538363,247.278463,3.660680,241.101598,1.572440
Bus275,241.683322,-0.538364,247.278538,3.660680,241.094714,1.572447
Bus276,241.683194,-0.538360,247.270175,3.660686,241.103347,1.572440
Bus277,241.683175,-0.538360,247.271973,3.660684,241.103342,1.572441
Bus278,242.788799,-0.541759,246.091494,3.666483,237.773955,1.570643
Bus279,242.950632,-0.542249,245.920715,3.667327,237.291681,1.570379
Bus280,243.147544,-0.542846,245.711271,3.668362,236.703517,1.570051
Bus281,241.679859,-0.538356,247.278760,3.660676,241.104921,1.572444
Bus282,241.683300,-0.538363,247.278463,3.660680,241.101598,1.572440
Bus283,241.683322,-0.538364,247.278539,3.660680,241.094631,1.572447
Bus284,241.683175,-0.538360,247.271941,3.660684,241.103342,1.572441
Bus285,242.788682,-0.541758,246.091495,3.666483,237.773956,1.570643
Bus286,242.950633,-0.542249,245.920716,3.667327,237.291613,1.570379
Bus287,243.257889,-0.543120,245.577446,3.668969,236.400112,1.569919
Bus288,243.148311,-0.542867,245.714675,3.668376,236.691868,1.570059
Bus289,241.679037,-0.538356,247.278762,3.660676,241.104930,1.572444
Bus290,241.683300,-0.538363,247.278463,3.660680,241.101598,1.572440
Bus291,241.683323,-0.538364,247.278543,3.660680,241.094253,1.572448
Bus292,241.683322,-0.538364,247.278539,3.660680,241.094605,1.572447
Bus293,241.683175,-0.538360,247.271908,3.660684,241.103342,1.572441
Bus294,242.788577,-0.541758,246.091495,3.666483,237.773958,1.570643
Bus295,242.950633,-0.542249,245.920717,3.667327,237.291516,1.570379
Bus296,243.308685,-0.543246,245.515880,3.669248,236.260463,1.569858
Bus297,243.151529,-0.542952,245.728943,3.668435,236.643045,1.570094
Bus298,241.683324,-0.538364,247.278545,3.660680,241.094079,1.572448
Bus299,241.683322,-0.538364,247.278539,3.660680,241.094587,1.572448
Bus300,241.683176,-0.538360,247.271873,3.660684,241.103342,1.572441
Bus301,242.788495,-0.541758,246.091495,3.666483,237.773958,1.570643
Bus302,242.950634,-0.542249,245.920721,3.667327,237.291082,1.570380
Bus303,243.640610,-0.544067,245.114163,3.671077,235.348204,1.569457
Bus304,243.152240,-0.542971,245.732093,3.668448,236.632267,1.570101
Bus305,241.683325,-0.538364,247.278548,3.660680,241.093785,1.572448
Bus306,241.683322,-0.538364,247.278540,3.660680,241.094566,1.572448
Bus307,241.683178,-0.538360,247.271670,3.660684,241.103343,1.572441
Bus308,242.788394,-0.541758,246.091496,3.666483,237.773960,1.570643
Bus309,242.950635,-0.542249,245.920722,3.667327,237.290998,1.570380
Bus310,243.665409,-0.544128,245.084191,3.671213,235.280067,1.569427
Bus311,243.152476,-0.542977,245.733139,3.668453,236.628686,1.570104
Bus312,241.683327,-0.538364,247.278554,3.660680,241.093221,1.572449
Bus313,241.683322,-0.538364,247.278540,3.660680,241.094525,1.572448
Bus314,241.683187,-0.538360,247.270809,3.660685,241.103345,1.572440
Bus315,242.788289,-0.541758,246.091496,3.666483,237.773961,1.570643
Bus316,242.950635,-0.542249,245.920723,3.667327,237.290936,1.570380
Bus317,243.665074,-0.544128,245.084192,3.671213,235.280070,1.569427
Bus318,244.122499,-0.545251,244.535779,3.673730,234.031141,1.568870
Bus319,243.152599,-0.542981,245.733686,3.668455,236.626817,1.570105
Bus320,241.683332,-0.538364,247.278572,3.660680,241.091560,1.572451
Bus321,241.683323,-0.538364,247.278542,3.660680,241.094370,1.572448
Bus322,242.788165,-0.541758,246.091496,3.666483,237.773962,1.570643
Bus323,242.950635,-0.542249,245.920724,3.667327,237.290865,1.570380
Bus324,243.663352,-0.544126,245.084197,3.671213,235.280090,1.569427
Bus325,244.341966,-0.545788,244.273148,3.674942,233.431809,1.568601
Bus326,243.152705,-0.542983,245.734153,3.668457,236.625217,1.570106
Bus327,241.683325,-0.538364,247.278547,3.660680,241.093839,1.572448
Bus328,242.788094,-0.541758,246.091496,3.666483,237.773963,1.570643
Bus329,242.950635,-0.542249,245.920725,3.667327,237.290794,1.570380
Bus330,243.662751,-0.544126,245.084198,3.671213,235.280096,1.569427
Bus331,244.349898,-0.545927,244.299321,3.675036,231.055533,1.571105
Bus332,244.628316,-0.544574,243.347618,3.675726,233.535279,1.566884
Bus333,243.152825,-0.542987,245.734685,3.668459,236.623398,1.570108
Bus334,242.787775,-0.541758,246.091497,3.666483,237.773966,1.570643
Bus335,242.950637,-0.542249,245.920731,3.667327,237.290173,1.570381
Bus336,243.661442,-0.544124,245.084202,3.671213,235.280111,1.569427
Bus337,244.353040,-0.545982,244.309687,3.675073,230.114817,1.572111
Bus338,244.628336,-0.544574,243.345779,3.675728,233.535285,1.566884
Bus339,244.680327,-0.544354,243.179643,3.675870,233.554135,1.566572
Bus340,243.152919,-0.542989,245.735104,3.668461,236.621964,1.570109
Bus341,242.787651,-0.541757,246.091498,3.666483,237.773968,1.570643
Bus342,242.950641,-0.542249,245.920745,3.667327,237.288902,1.570382
Bus343,243.660921,-0.544124,245.084203,3.671213,235.280117,1.569427
Bus344,243.661183,-0.544124,245.084202,3.671213,235.280114,1.569427
Bus345,244.628346,-0.544574,243.344854,3.675729,233.535288,1.566884
Bus346,244.724894,-0.544166,243.035741,3.675992,233.570307,1.566305
Bus347,243.152998,-0.542991,245.735455,3.668462,236.620762,1.570109
Bus348,242.787608,-0.541757,246.091498,3.666483,237.773968,1.570643
Bus349,243.660142,-0.544123,245.084205,3.671213,235.280125,1.569427
Bus350,243.661147,-0.544124,245.084202,3.671213,235.280114,1.569427
Bus351,244.628347,-0.544574,243.344768,3.675729,233.535288,1.566884
Bus352,244.756249,-0.544033,242.934522,3.676079,233.581693,1.566118
Bus353,243.153070,-0.542993,245.735772,3.668464,236.619678,1.570110
Bus354,242.787576,-0.541757,246.091498,3.666483,237.773969,1.570643
Bus355,243.661107,-0.544124,245.084202,3.671213,235.280115,1.569427
Bus356,244.628347,-0.544574,243.344733,3.675729,233.535288,1.566884
Bus357,244.795871,-0.543866,242.806632,3.676188,233.596091,1.565881
Bus358,243.153129,-0.542995,245.736035,3.668465,236.618780,1.570111
Bus359,242.787552,-0.541757,246.091498,3.666483,237.773969,1.570643
Bus360,243.661073,-0.544124,245.084202,3.671213,235.280115,1.569427
Bus361,244.628347,-0.544574,243.344708,3.675729,233.535288,1.566884
Bus362,244.820702,-0.543761,242.726499,3.676256,233.605119,1.565732
Bus363,243.153198,-0.542996,245.736339,3.668466,236.617739,1.570112
Bus364,242.787540,-0.541757,246.091498,3.666483,237.773969,1.570643
Bus365,243.661036,-0.544124,245.084203,3.671213,235.280115,1.569427
Bus366,244.628348,-0.544574,243.344682,3.675729,233.535288,1.566884
Bus367,244.858838,-0.543600,242.603448,3.676362,233.618993,1.565504
Bus368,243.153273,-0.542999,245.736673,3.668467,236.616595,1.570112
Bus369,242.787522,-0.541757,246.091498,3.666483,237.773969,1.570643
Bus370,243.660984,-0.544124,245.084203,3.671213,235.280116,1.569427
Bus371,244.628348,-0.544574,243.344652,3.675729,233.535288,1.566884
Bus372,244.896861,-0.543440,242.480783,3.676467,233.632836,1.565277
Bus373,243.153685,-0.543009,245.738497,3.668475,236.610356,1.570117
Bus374,242.787492,-0.541757,246.091498,3.666483,237.773970,1.570643
Bus375,243.660921,-0.544124,245.084203,3.671213,235.280117,1.569427
Bus376,244.628348,-0.544574,243.344614,3.675730,233.535288,1.566884
Bus377,244.939532,-0.543260,242.343152,3.676585,233.648382,1.565022
Bus378,243.151962,-0.543009,245.736816,3.668475,236.608928,1.570117
Bus379,243.153815,-0.543012,245.738931,3.668476,236.570737,1.570158
Bus380,242.787360,-0.541757,246.091498,3.666483,237.773971,1.570643
Bus381,243.660528,-0.544123,245.084204,3.671213,235.280121,1.569427
Bus382,244.628349,-0.544574,243.344579,3.675730,233.535288,1.566884
Bus383,244.970414,-0.543129,242.243560,3.676670,233.659641,1.564837
Bus384,243.150312,-0.543008,245.735205,3.668475,236.607560,1.570117
Bus385,243.154612,-0.543026,245.741600,3.668486,236.327483,1.570412
Bus386,243.153815,-0.543012,245.738931,3.668476,236.570737,1.570158
Bus387,242.786872,-0.541757,246.091500,3.666483,237.773977,1.570643
Bus388,243.659184,-0.544122,245.084207,3.671213,235.280136,1.569427
Bus389,244.628349,-0.544574,243.344552,3.675730,233.535289,1.566884
Bus390,245.007229,-0.542974,242.124858,3.676772,233.673072,1.564617
Bus391,243.150238,-0.543008,245.735134,3.668475,236.607499,1.570117
Bus392,243.154904,-0.543031,245.742575,3.668490,236.238584,1.570505
Bus393,243.153815,-0.543012,245.738931,3.668476,236.570737,1.570158
Bus394,244.628349,-0.544574,243.344506,3.675730,233.535289,1.566884
Bus395,245.060658,-0.542749,241.952627,3.676921,233.692579,1.564298
Bus396,243.150243,-0.543008,245.735151,3.668475,236.605878,1.570119
Bus397,243.148838,-0.543006,245.733648,3.668474,236.606890,1.570117
Bus398,243.154933,-0.543032,245.742674,3.668490,236.229535,1.570514
Bus399,243.153815,-0.543012,245.738931,3.668476,236.570737,1.570158
Bus400,244.628351,-0.544574,243.344344,3.675730,233.535289,1.566884
Bus401,245.100277,-0.542583,241.824942,3.677031,233.707057,1.564062
Bus402,243.150244,-0.543008,245.735153,3.668475,236.605730,1.570119
Bus403,243.148163,-0.543006,245.732932,3.668474,236.606596,1.570117
Bus404,243.154954,-0.543032,245.742743,3.668490,236.223220,1.570521
Bus405,243.153815,-0.543012,245.738931,3.668476,236.570737,1.570158
Bus406,244.628362,-0.544574,243.343353,3.675731,233.535292,1.566883
Bus407,245.138502,-0.542422,241.701772,3.677137,233.721036,1.563833
Bus408,243.150244,-0.543008,245.735154,3.668475,236.605645,1.570119
Bus409,243.146126,-0.543003,245.730770,3.668473,236.605709,1.570117
Bus410,243.148163,-0.543006,245.732932,3.668474,236.606596,1.570117
Bus411,243.154976,-0.543033,245.742815,3.668490,236.216678,1.570528
Bus412,243.153815,-0.543012,245.738931,3.668476,236.570737,1.570158
Bus413,245.175918,-0.542265,241.581229,3.677241,233.734728,1.563610
Bus414,243.150244,-0.543008,245.735155,3.668475,236.605588,1.570119
Bus415,243.143224,-0.543000,245.727692,3.668472,236.604446,1.570117
Bus416,243.148163,-0.543006,245.732932,3.668474,236.606596,1.570117
Bus417,243.155066,-0.543034,245.743117,3.668492,236.189208,1.570556
Bus418,243.153815,-0.543012,245.738931,3.668476,236.570737,1.570158
Bus419,245.220926,-0.542076,241.436261,3.677366,233.751211,1.563342
Bus420,243.150245,-0.543008,245.735156,3.668475,236.605495,1.570120
Bus421,243.142617,-0.542999,245.727047,3.668471,236.604182,1.570117
Bus422,243.148163,-0.543006,245.732932,3.668474,236.606596,1.570117
Bus423,243.155088,-0.543035,245.743190,3.668492,236.182500,1.570563
Bus424,243.153815,-0.543012,245.738931,3.668476,236.570737,1.570158
Bus425,245.296325,-0.541759,241.193474,3.677576,233.778854,1.562892
Bus426,245.220926,-0.542076,241.436261,3.677366,233.751211,1.563342
Bus427,243.150246,-0.543008,245.735159,3.668475,236.605184,1.570120
Bus428,243.142462,-0.542999,245.726883,3.668471,236.604114,1.570117
Bus429,243.148163,-0.543006,245.732932,3.668474,236.606596,1.570117
Bus430,243.155109,-0.543035,245.743260,3.668492,236.176102,1.570570
Bus431,243.153815,-0.543012,245.738931,3.668476,236.570737,1.570158
Bus432,245.550821,-0.540693,240.374652,3.678288,233.872442,1.561377
Bus433,245.296325,-0.541759,241.193474,3.677576,233.778854,1.562892
Bus434,243.150247,-0.543008,245.735163,3.668475,236.604838,1.570120
Bus435,243.142380,-0.542999,245.726796,3.668471,236.604079,1.570117
Bus436,243.148163,-0.543006,245.732932,3.668474,236.606596,1.570117
Bus437,243.155129,-0.543035,245.743330,3.668492,236.169738,1.570577
Bus438,243.153815,-0.543012,245.738931,3.668476,236.570737,1.570158
Bus439,245.911255,-0.539188,239.216723,3.679304,234.005728,1.559235
Bus440,245.550821,-0.540693,240.374652,3.678288,233.872442,1.561377
Bus441,243.150247,-0.543008,245.735165,3.668475,236.604644,1.570120
Bus442,243.142313,-0.542999,245.726725,3.668471,236.604050,1.570117
Bus443,243.148163,-0.543006,245.732932,3.668474,236.606596,1.570117
Bus444,243.155153,-0.543036,245.743410,3.668493,236.162439,1.570584
Bus445,243.153815,-0.543012,245.738931,3.668476,236.570737,1.570158
Bus446,246.170229,-0.538112,238.385995,3.680038,234.102029,1.557700
Bus447,245.911255,-0.539188,239.216723,3.679304,234.005728,1.559235
Bus448,243.150248,-0.543008,245.735167,3.668475,236.604461,1.570121
Bus449,243.142258,-0.542999,245.726667,3.668471,236.604026,1.570117
Bus450,243.148163,-0.543006,245.732932,3.668474,236.606596,1.570117
Bus451,243.155236,-0.543037,245.743687,3.668494,236.137229,1.570611
Bus452,243.153815,-0.543012,245.738931,3.668476,236.570737,1.570158
Bus453,246.248858,-0.537785,238.133978,3.680262,234.131355,1.557235
Bus454,246.170229,-0.538112,238.385995,3.680038,234.102029,1.557700
Bus455,243.150249,-0.543008,245.735169,3.668475,236.604287,1.570121
Bus456,243.142175,-0.542999,245.726578,3.668471,236.603990,1.570117
Bus457,243.148163,-0.543006,245.732932,3.668474,236.606596,1.570117
Bus458,243.155639,-0.543044,245.745034,3.668498,236.014382,1.570739
Bus459,243.153815,-0.543012,245.738931,3.668476,236.570737,1.570158
Bus460,246.482569,-0.536822,237.388122,3.680929,234.218163,1.555857
Bus461,246.248858,-0.537785,238.133978,3.680262,234.131355,1.557235
Bus462,246.248052,-0.537785,238.133980,3.680262,234.131364,1.557235
Bus463,243.150250,-0.543008,245.735172,3.668475,236.604001,1.570121
Bus464,243.142100,-0.542999,245.726499,3.668471,236.603957,1.570117
Bus465,243.148163,-0.543006,245.732932,3.668474,236.606596,1.570117
Bus466,243.153815,-0.543012,245.738931,3.668476,236.570737,1.570158
Bus467,246.742502,-0.535754,236.559565,3.681676,234.315132,1.554327
Bus468,246.482569,-0.536822,237.388122,3.680929,234.218163,1.555857
Bus469,246.482569,-0.536822,237.388122,3.680929,234.218163,1.555857
Bus470,246.247935,-0.537785,238.133980,3.680262,234.131365,1.557235
Bus471,243.150250,-0.543008,245.735174,3.668475,236.603801,1.570121
Bus472,243.142028,-0.542999,245.726423,3.668471,236.603926,1.570117
Bus473,243.148163,-0.543006,245.732932,3.668474,236.606596,1.570117
Bus474,243.153815,-0.543012,245.738931,3.668476,236.570737,1.570158
Bus475,246.837824,-0.535363,236.255974,3.681950,234.350803,1.553766
Bus476,246.742502,-0.535754,236.559565,3.681676,234.315132,1.554327
Bus477,246.247870,-0.537784,238.133981,3.680262,234.131366,1.557235
Bus478,243.150251,-0.543008,245.735176,3.668475,236.603661,1.570121
Bus479,243.141947,-0.542999,245.726337,3.668471,236.603891,1.570117
Bus480,243.148163,-0.543006,245.732932,3.668474,236.606596,1.570117
Bus481,243.153815,-0.543012,245.738931,3.668476,236.570737,1.570158
Bus482,247.041294,-0.534538,235.613600,3.682537,234.425961,1.552579
Bus483,246.837824,-0.535363,236.255974,3.681950,234.350803,1.553766
Bus484,246.832697,-0.535358,236.255988,3.681950,234.350859,1.553767
Bus485,246.247827,-0.537784,238.133981,3.680262,234.131367,1.557235
Bus486,243.150251,-0.543008,245.735177,3.668475,236.603595,1.570121
Bus487,243.141862,-0.542999,245.726246,3.668471,236.603853,1.570117
Bus488,243.148163,-0.543006,245.732932,3.668474,236.606596,1.570117
Bus489,243.153815,-0.543012,245.738931,3.668476,236.570737,1.570158
Bus490,247.333207,-0.533359,234.693069,3.683383,234.534254,1.550879
Bus491,247.041294,-0.534538,235.613600,3.682537,234.425961,1.552579
Bus492,246.832549,-0.535357,236.255988,3.681950,234.350861,1.553767
Bus493,246.831711,-0.535357,236.255990,3.681950,234.350870,1.553767
Bus494,246.247761,-0.537784,238.133981,3.680262,234.131367,1.557235
Bus495,243.150251,-0.543008,245.735177,3.668475,236.603552,1.570122
Bus496,243.141676,-0.542998,245.726049,3.668471,236.603772,1.570117
Bus497,243.148163,-0.543006,245.732932,3.668474,236.606596,1.570117
Bus498,243.153815,-0.543012,245.738931,3.668476,236.570737,1.570158
Bus499,247.511521,-0.532640,234.131384,3.683903,234.600675,1.549843
Bus500,247.333207,-0.533359,234.693069,3.683383,234.534254,1.550879
Bus501,246.832486,-0.535357,236.255988,3.681950,234.350862,1.553767
Bus502,246.831080,-0.535356,236.255992,3.681950,234.350877,1.553767
Bus503,246.247661,-0.537784,238.133981,3.680262,234.131368,1.557235
Bus504,243.150251,-0.543008,245.735177,3.668475,236.603524,1.570122
Bus505,243.137448,-0.542994,245.721563,3.668469,236.601932,1.570117
Bus506,243.148163,-0.543006,245.732932,3.668474,236.606596,1.570117
Bus507,243.153815,-0.543012,245.738931,3.668476,236.570737,1.570158
Bus508,247.542241,-0.532517,234.034662,3.683993,234.612139,1.549664
Bus509,247.511521,-0.532640,234.131384,3.683903,234.600675,1.549843
Bus510,246.832449,-0.535357,236.255988,3.681950,234.350862,1.553767
Bus511,246.247590,-0.537784,238.133981,3.680262,234.131369,1.557235
Bus512,243.150251,-0.543008,245.735178,3.668475,236.603484,1.570122
Bus513,243.137458,-0.542994,245.720642,3.668470,236.601935,1.570116
Bus514,243.136766,-0.542993,245.720971,3.668469,236.601640,1.570117
Bus515,243.148163,-0.543006,245.732932,3.668474,236.606596,1.570117
Bus516,247.625795,-0.532184,233.773825,3.684237,234.642854,1.549182
Bus517,247.542241,-0.532517,234.034662,3.683993,234.612139,1.549664
Bus518,247.539796,-0.532514,234.034668,3.683993,234.612165,1.549664
Bus519,246.832415,-0.535357,236.255988,3.681950,234.350862,1.553767
Bus520,246.247541,-0.537784,238.133981,3.680262,234.131370,1.557235
Bus521,243.150251,-0.543008,245.735178,3.668475,236.603453,1.570122
Bus522,243.137467,-0.542994,245.719831,3.668471,236.601938,1.570116
Bus523,243.136398,-0.542993,245.720652,3.668469,236.601482,1.570117
Bus524,243.148163,-0.543006,245.732932,3.668474,236.606596,1.570117
Bus525,247.687318,-0.531940,233.581827,3.684416,234.665499,1.548827
Bus526,247.625795,-0.532184,233.773825,3.684237,234.642854,1.549182
Bus527,247.538351,-0.532513,234.034672,3.683993,234.612181,1.549664
Bus528,246.832385,-0.535357,236.255989,3.681950,234.350863,1.553767
Bus529,246.247503,-0.537784,238.133981,3.680262,234.131370,1.557235
Bus530,243.150252,-0.543008,245.735180,3.668475,236.603235,1.570122
Bus531,243.136343,-0.542993,245.720604,3.668468,236.601458,1.570117
Bus532,243.148163,-0.543006,245.732932,3.668474,236.606596,1.570117
Bus533,247.771106,-0.531607,233.320434,3.684662,234.696377,1.548344
Bus534,247.687318,-0.531940,233.581827,3.684416,234.665499,1.548827
Bus535,247.537206,-0.532512,234.034675,3.683993,234.612194,1.549664
Bus536,246.832354,-0.535357,236.255989,3.681950,234.350863,1.553767
Bus537,246.247380,-0.537784,238.133982,3.680262,234.131371,1.557235
Bus538,243.150253,-0.543008,245.735183,3.668475,236.602963,1.570122
Bus539,243.150257,-0.543008,245.735196,3.668475,236.601796,1.570123
Bus540,243.136301,-0.542993,245.720567,3.668468,236.601440,1.570117
Bus541,243.148163,-0.543006,245.732932,3.668474,236.606596,1.570117
Bus542,247.830416,-0.531372,233.135466,3.684836,234.718262,1.548003
Bus543,247.771106,-0.531607,233.320434,3.684662,234.696377,1.548344
Bus544,247.536733,-0.532511,234.034676,3.683993,234.612199,1.549664
Bus545,246.832259,-0.535357,236.255989,3.681950,234.350864,1.553767
Bus546,246.246385,-0.537783,238.133984,3.680262,234.131382,1.557235
Bus547,243.150254,-0.543008,245.735187,3.668475,236.602663,1.570122
Bus548,243.136262,-0.542993,245.720533,3.668468,236.601424,1.570117
Bus549,243.148163,-0.543006,245.732932,3.668474,236.606596,1.570117
Bus550,247.996350,-0.530714,232.618231,3.685323,234.779608,1.547048
Bus551,247.830416,-0.531372,233.135466,3.684836,234.718262,1.548003
Bus552,247.536659,-0.532511,234.034676,3.683993,234.612199,1.549664
Bus553,247.535744,-0.532510,234.034679,3.683993,234.612209,1.549664
Bus554,246.832164,-0.535357,236.255989,3.681950,234.350865,1.553767
Bus555,246.246336,-0.537783,238.133984,3.680262,234.131383,1.557235
Bus556,243.150257,-0.543008,245.735196,3.668475,236.601849,1.570123
Bus557,243.136220,-0.542993,245.720497,3.668468,236.601406,1.570117
Bus558,243.148163,-0.543006,245.732932,3.668474,236.606596,1.570117
Bus559,248.116570,-0.530238,232.243737,3.685678,234.824162,1.546357
Bus560,247.996350,-0.530714,232.618231,3.685323,234.779608,1.547048
Bus561,247.536632,-0.532511,234.034676,3.683993,234.612200,1.549664
Bus562,247.534997,-0.532510,234.034681,3.683992,234.612217,1.549664
Bus563,246.831273,-0.535356,236.255991,3.681950,234.350875,1.553767
Bus564,246.246297,-0.537783,238.133985,3.680262,234.131383,1.557235
Bus565,243.136183,-0.542993,245.720465,3.668468,236.601390,1.570117
Bus566,243.148163,-0.543006,245.732932,3.668474,236.606596,1.570117
Bus567,248.143170,-0.530133,232.160902,3.685756,234.834033,1.546204
Bus568,248.116570,-0.530238,232.243737,3.685678,234.824162,1.546357
Bus569,248.116591,-0.530238,232.241756,3.685680,234.824169,1.546356
Bus570,247.536591,-0.532511,234.034677,3.683993,234.612200,1.549664
Bus571,246.246252,-0.537783,238.133985,3.680262,234.131384,1.557235
Bus572,243.136145,-0.542992,245.720432,3.668468,236.601374,1.570117
Bus573,248.149469,-0.530108,232.141289,3.685775,234.836371,1.546167
Bus574,248.143170,-0.530133,232.160902,3.685756,234.834033,1.546204
Bus575,248.116594,-0.530238,232.241506,3.685680,234.824170,1.546356
Bus576,247.536567,-0.532511,234.034677,3.683993,234.612200,1.549664
Bus577,246.246213,-0.537783,238.133985,3.680262,234.131384,1.557235
Bus578,243.135950,-0.542992,245.720262,3.668468,236.601290,1.570117
Bus579,248.320286,-0.529434,231.609603,3.686281,234.899871,1.545186
Bus580,248.149469,-0.530108,232.141289,3.685775,234.836371,1.546167
Bus581,248.149469,-0.530108,232.141289,3.685775,234.836371,1.546167
Bus582,248.116596,-0.530238,232.241321,3.685680,234.824171,1.546356
Bus583,247.536538,-0.532511,234.034677,3.683993,234.612201,1.549664
Bus584,246.246168,-0.537783,238.133985,3.680262,234.131385,1.557235
Bus585,243.135957,-0.542992,245.719595,3.668469,236.601292,1.570117
Bus586,243.135511,-0.542992,245.719948,3.668468,236.601104,1.570117
Bus587,248.440064,-0.528962,231.237025,3.686637,234.944508,1.544499
Bus588,248.320286,-0.529434,231.609603,3.686281,234.899871,1.545186
Bus589,248.149469,-0.530108,232.141289,3.685775,234.836371,1.546167
Bus590,248.116598,-0.530238,232.241141,3.685681,234.824171,1.546356
Bus591,247.536512,-0.532511,234.034677,3.683993,234.612201,1.549664
Bus592,246.246121,-0.537783,238.133985,3.680262,234.131385,1.557235
Bus593,243.135957,-0.542992,245.719556,3.668469,236.601292,1.570117
Bus594,243.133416,-0.542991,245.718445,3.668467,236.600216,1.570118
Bus595,248.680119,-0.528015,230.490213,3.687352,235.035415,1.543122
Bus596,248.440076,-0.528962,231.237072,3.686637,234.944373,1.544499
Bus597,248.149469,-0.530108,232.141289,3.685775,234.836371,1.546167
Bus598,248.116616,-0.530238,232.239452,3.685682,234.824178,1.546356
Bus599,247.536343,-0.532511,234.034677,3.683993,234.612203,1.549664
Bus600,246.246066,-0.537783,238.133985,3.680262,234.131386,1.557235
Bus601,243.135958,-0.542992,245.719537,3.668469,236.601292,1.570117
Bus602,243.133424,-0.542991,245.718473,3.668467,236.597622,1.570121
Bus603,243.130890,-0.542988,245.716481,3.668465,236.599750,1.570118
Bus604,248.894385,-0.527172,229.824318,3.687993,235.116860,1.541895
Bus605,248.680119,-0.528015,230.490213,3.687352,235.035415,1.543122
Bus606,248.680119,-0.528015,230.490213,3.687352,235.035415,1.543122
Bus607,248.440085,-0.528962,231.237110,3.686637,234.940990,1.544503
Bus608,248.440076,-0.528962,231.237072,3.686637,234.944373,1.544499
Bus609,248.149469,-0.530108,232.141289,3.685775,234.836371,1.546167
Bus610,248.116624,-0.530238,232.238666,3.685683,234.824180,1.546356
Bus611,247.535100,-0.532510,234.034680,3.683993,234.612216,1.549664
Bus612,246.246031,-0.537783,238.133985,3.680262,234.131386,1.557235
Bus613,243.135958,-0.542992,245.719521,3.668469,236.601292,1.570117
Bus614,243.133429,-0.542991,245.718488,3.668467,236.596253,1.570122
Bus615,243.128472,-0.542985,245.714601,3.668463,236.599305,1.570119
Bus616,248.894385,-0.527172,229.020216,3.688876,235.116860,1.541895
Bus617,248.894385,-0.527172,229.824318,3.687993,235.116860,1.541895
Bus618,248.894385,-0.527172,229.824318,3.687993,235.116860,1.541895
Bus619,248.440087,-0.528962,231.237119,3.686637,234.940193,1.544504
Bus620,248.149469,-0.530108,232.141289,3.685775,234.836371,1.546167
Bus621,248.116628,-0.530238,232.238297,3.685684,234.824182,1.546356
Bus622,246.245880,-0.537782,238.133986,3.680262,234.131388,1.557235
Bus623,243.135958,-0.542992,245.719508,3.668469,236.601292,1.570117
Bus624,243.128476,-0.542985,245.714188,3.668463,236.599306,1.570119
Bus625,243.127745,-0.542985,245.714211,3.668462,236.599165,1.570119
Bus626,248.894385,-0.527172,227.925133,3.690089,235.116860,1.541895
Bus627,248.149469,-0.530108,232.141289,3.685775,234.836371,1.546167
Bus628,248.116631,-0.530238,232.238050,3.685684,234.824183,1.546356
Bus629,246.245247,-0.537782,238.133987,3.680262,234.131395,1.557235
Bus630,243.135958,-0.542992,245.719487,3.668469,236.601292,1.570117
Bus631,243.128477,-0.542985,245.714087,3.668463,236.599306,1.570119
Bus632,243.127578,-0.542984,245.714122,3.668462,236.599133,1.570120
Bus633,248.894385,-0.527172,227.603997,3.690447,235.116860,1.541895
Bus634,248.149469,-0.530108,232.141289,3.685775,234.836371,1.546167
Bus635,248.116635,-0.530238,232.237674,3.685684,234.824184,1.546356
Bus636,243.135959,-0.542992,245.719437,3.668469,236.601292,1.570117
Bus637,243.128478,-0.542985,245.714017,3.668463,236.599306,1.570119
Bus638,243.127495,-0.542984,245.714077,3.668462,236.599117,1.570120
Bus639,248.894385,-0.527172,226.541307,3.691640,235.116860,1.541895
Bus640,248.149469,-0.530108,232.141289,3.685775,234.836371,1.546167
Bus641,248.116643,-0.530238,232.236939,3.685685,234.824187,1.546356
Bus642,243.135959,-0.542992,245.719403,3.668469,236.601292,1.570117
Bus643,243.128479,-0.542985,245.713921,3.668463,236.599307,1.570119
Bus644,243.127404,-0.542984,245.714028,3.668461,236.599100,1.570120
Bus645,248.149469,-0.530108,232.141289,3.685775,234.836371,1.546167
Bus646,248.116645,-0.530238,232.236736,3.685685,234.824187,1.546356
Bus647,243.135959,-0.542992,245.719360,3.668469,236.601292,1.570117
Bus648,243.128482,-0.542985,245.713692,3.668463,236.599307,1.570119
Bus649,243.127299,-0.542984,245.713972,3.668461,236.599080,1.570120
Bus650,248.149469,-0.530108,232.141289,3.685775,234.836371,1.546167
Bus651,248.116645,-0.530238,232.236677,3.685685,234.824188,1.546356
Bus652,243.135960,-0.542992,245.719333,3.668469,236.601293,1.570117
Bus653,243.128483,-0.542985,245.713518,3.668464,236.599308,1.570119
Bus654,243.127192,-0.542984,245.713915,3.668461,236.599059,1.570120
Bus655,248.149469,-0.530108,232.141289,3.685775,234.836371,1.546167
Bus656,248.116646,-0.530238,232.236654,3.685685,234.824188,1.546356
Bus657,248.116647,-0.530238,232.236528,3.685686,234.824188,1.546356
Bus658,243.135960,-0.542992,245.719309,3.668469,236.601293,1.570117
Bus659,243.128485,-0.542985,245.713396,3.668464,236.599308,1.570119
Bus660,243.127075,-0.542984,245.713852,3.668461,236.599037,1.570120
Bus661,248.149469,-0.530108,232.141289,3.685775,234.836371,1.546167
Bus662,248.116646,-0.530238,232.236633,3.685685,234.824188,1.546356
Bus663,248.116649,-0.530238,232.236331,3.685686,234.824189,1.546356
Bus664,243.135960,-0.542992,245.719269,3.668469,236.601293,1.570117
Bus665,243.128486,-0.542985,245.713269,3.668464,236.599309,1.570119
Bus666,243.126903,-0.542984,245.713760,3.668461,236.599004,1.570120
Bus667,248.149469,-0.530108,232.141289,3.685775,234.836371,1.546167
Bus668,248.116646,-0.530238,232.236611,3.685685,234.824188,1.546356
Bus669,248.116658,-0.530238,232.235511,3.685687,234.824192,1.546356
Bus670,243.135961,-0.542992,245.719229,3.668469,236.601293,1.570117
Bus671,243.128487,-0.542985,245.713164,3.668464,236.599309,1.570119
Bus672,243.126521,-0.542984,245.713761,3.668461,236.599008,1.570120
Bus673,243.126717,-0.542984,245.713482,3.668461,236.598816,1.570120
Bus674,248.149469,-0.530108,232.141289,3.685775,234.836371,1.546167
Bus675,248.116648,-0.530238,232.236450,3.685686,234.824188,1.546356
Bus676,248.116662,-0.530238,232.235163,3.685687,234.824193,1.546356
Bus677,243.135961,-0.542992,245.719211,3.668469,236.601293,1.570117
Bus678,243.128489,-0.542985,245.712990,3.668464,236.599309,1.570119
Bus679,243.126291,-0.542983,245.713761,3.668461,236.599011,1.570120
Bus680,243.125537,-0.542983,245.711724,3.668462,236.597625,1.570119
Bus681,248.149469,-0.530108,232.141289,3.685775,234.836371,1.546167
Bus682,248.116660,-0.530238,232.235281,3.685687,234.824193,1.546356
Bus683,243.135961,-0.542992,245.719190,3.668469,236.601293,1.570117
Bus684,243.128495,-0.542985,245.712429,3.668465,236.599311,1.570119
Bus685,243.126078,-0.542983,245.713762,3.668461,236.599013,1.570120
Bus686,243.124692,-0.542982,245.710466,3.668462,236.596773,1.570119
Bus687,243.135961,-0.542992,245.719170,3.668469,236.601293,1.570117
Bus688,243.128509,-0.542985,245.711117,3.668466,236.599315,1.570119
Bus689,243.125870,-0.542983,245.713762,3.668461,236.599015,1.570120
Bus690,243.124706,-0.542982,245.710513,3.668462,236.592575,1.570123
Bus691,243.122023,-0.542976,245.706057,3.668460,236.596725,1.570116
Bus692,243.135962,-0.542992,245.719147,3.668469,236.601293,1.570117
Bus693,243.125714,-0.542983,245.713763,3.668461,236.599017,1.570120
Bus694,243.124707,-0.542982,245.710515,3.668462,236.592367,1.570124
Bus695,243.124708,-0.542982,245.710518,3.668462,236.592059,1.570124
Bus696,243.122044,-0.542975,245.704073,3.668462,236.596731,1.570116
Bus697,243.121401,-0.542974,245.705342,3.668459,236.596695,1.570116
Bus698,243.135962,-0.542992,245.719109,3.668469,236.601293,1.570117
Bus699,243.125466,-0.542982,245.713763,3.668461,236.599020,1.570120
Bus700,243.124707,-0.542982,245.710516,3.668462,236.592302,1.570124
Bus701,243.124711,-0.542982,245.710530,3.668462,236.591008,1.570125
Bus702,243.122057,-0.542975,245.702924,3.668463,236.596735,1.570116
Bus703,243.120272,-0.542972,245.704051,3.668459,236.596633,1.570116
Bus704,243.135963,-0.542992,245.719005,3.668470,236.601294,1.570117
Bus705,243.125049,-0.542982,245.713765,3.668461,236.599025,1.570120
Bus706,243.124707,-0.542982,245.710516,3.668462,236.592260,1.570124
Bus707,243.117293,-0.542966,245.700646,3.668457,236.596469,1.570115
Bus708,243.120272,-0.542972,245.704051,3.668459,236.596633,1.570116
Bus709,243.135965,-0.542992,245.718867,3.668470,236.601294,1.570117
Bus710,243.121919,-0.542979,245.713773,3.668461,236.599059,1.570120
Bus711,243.124707,-0.542982,245.710516,3.668462,236.592235,1.570124
Bus712,243.116462,-0.542961,245.696372,3.668460,236.595365,1.570111
Bus713,243.115333,-0.542964,245.700651,3.668457,236.596491,1.570115
Bus714,243.120272,-0.542972,245.704051,3.668459,236.596633,1.570116
Bus715,243.135965,-0.542992,245.718853,3.668470,236.601294,1.570117
Bus716,243.119352,-0.542976,245.713780,3.668461,236.599088,1.570120
Bus717,243.124707,-0.542982,245.710517,3.668462,236.592209,1.570124
Bus718,243.115605,-0.542956,245.691961,3.668463,236.594226,1.570107
Bus719,243.115124,-0.542964,245.700652,3.668457,236.596494,1.570115
Bus720,243.120272,-0.542972,245.704051,3.668459,236.596633,1.570116
Bus721,243.135965,-0.542992,245.718843,3.668470,236.601294,1.570117
Bus722,243.118538,-0.542975,245.713782,3.668461,236.599097,1.570120
Bus723,243.124707,-0.542982,245.710517,3.668462,236.592186,1.570124
Bus724,243.114854,-0.542955,245.691311,3.668464,236.593626,1.570108
Bus725,243.115656,-0.542956,245.687184,3.668468,236.594241,1.570107
Bus726,243.115043,-0.542964,245.700652,3.668457,236.596494,1.570115
Bus727,243.120272,-0.542972,245.704051,3.668459,236.596633,1.570116
Bus728,243.135965,-0.542992,245.718833,3.668470,236.601294,1.570117
Bus729,243.117798,-0.542975,245.713784,3.668460,236.599105,1.570120
Bus730,243.124707,-0.542982,245.710517,3.668462,236.592161,1.570124
Bus731,243.113833,-0.542955,245.690429,3.668464,236.592812,1.570109
Bus732,243.115663,-0.542956,245.686544,3.668469,236.594242,1.570107
Bus733,243.114959,-0.542963,245.700652,3.668457,236.596495,1.570115
Bus734,243.120272,-0.542972,245.704051,3.668459,236.596633,1.570116
Bus735,243.135965,-0.542992,245.718822,3.668470,236.601294,1.570117
Bus736,243.117395,-0.542974,245.713785,3.668460,236.599110,1.570120
Bus737,243.124707,-0.542982,245.710517,3.668462,236.592140,1.570124
Bus738,243.112638,-0.542954,245.689396,3.668464,236.591858,1.570109
Bus739,243.115666,-0.542956,245.686207,3.668469,236.594244,1.570107
Bus740,243.114888,-0.542963,245.700652,3.668457,236.596496,1.570115
Bus741,243.120272,-0.542972,245.704051,3.668459,236.596633,1.570116
Bus742,243.135965,-0.542992,245.718812,3.668470,236.601294,1.570117
Bus743,243.117072,-0.542974,245.713786,3.668460,236.599113,1.570120
Bus744,243.124707,-0.542982,245.710518,3.668462,236.592116,1.570124
Bus745,243.111679,-0.542953,245.688567,3.668465,236.591092,1.570110
Bus746,243.115676,-0.542956,245.685261,3.668470,236.594246,1.570107
Bus747,243.115667,-0.542956,245.686176,3.668469,236.594244,1.570107
Bus748,243.114805,-0.542963,245.700653,3.668457,236.596497,1.570115
Bus749,243.120272,-0.542972,245.704051,3.668459,236.596633,1.570116
Bus750,243.135965,-0.542992,245.718803,3.668470,236.601294,1.570117
Bus751,243.116798,-0.542974,245.713787,3.668460,236.599116,1.570120
Bus752,243.124707,-0.542982,245.710518,3.668462,236.592089,1.570124
Bus753,243.111265,-0.542952,245.688080,3.668464,236.591345,1.570110
Bus754,243.111688,-0.542953,245.688598,3.668465,236.588249,1.570113
Bus755,243.115685,-0.542956,245.684492,3.668471,236.594249,1.570107
Bus756,243.115667,-0.542956,245.686153,3.668469,236.594244,1.570107
Bus757,243.114724,-0.542963,245.700653,3.668457,236.596498,1.570115
Bus758,243.120272,-0.542972,245.704051,3.668459,236.596633,1.570116
Bus759,243.135966,-0.542992,245.718789,3.668470,236.601294,1.570117
Bus760,243.116475,-0.542973,245.713788,3.668460,236.599120,1.570120
Bus761,243.124708,-0.542982,245.710518,3.668462,236.592041,1.570124
Bus762,243.110695,-0.542950,245.687410,3.668463,236.591692,1.570110
Bus763,243.111696,-0.542953,245.688624,3.668465,236.585872,1.570116
Bus764,243.115667,-0.542956,245.686134,3.668469,236.594244,1.570107
Bus765,243.114612,-0.542963,245.700653,3.668457,236.596499,1.570115
Bus766,243.120272,-0.542972,245.704051,3.668459,236.596633,1.570116
Bus767,243.135966,-0.542992,245.718773,3.668470,236.601294,1.570117
Bus768,243.116181,-0.542973,245.713788,3.668460,236.599123,1.570120
Bus769,243.124709,-0.542982,245.710522,3.668462,236.591678,1.570124
Bus770,243.109292,-0.542946,245.685759,3.668461,236.592548,1.570109
Bus771,243.111699,-0.542953,245.688634,3.668465,236.584962,1.570117
Bus772,243.111696,-0.542953,245.688625,3.668465,236.585842,1.570116
Bus773,243.115667,-0.542956,245.686101,3.668469,236.594244,1.570107
Bus774,243.114459,-0.542963,245.700654,3.668457,236.596501,1.570115
Bus775,243.120272,-0.542972,245.704051,3.668459,236.596633,1.570116
Bus776,243.135967,-0.542992,245.718697,3.668470,236.601294,1.570117
Bus777,243.115724,-0.542973,245.713790,3.668460,236.599128,1.570120
Bus778,243.124712,-0.542982,245.710535,3.668462,236.590567,1.570125
Bus779,243.108156,-0.542942,245.684422,3.668460,236.593242,1.570108
Bus780,243.111702,-0.542953,245.688644,3.668465,236.584071,1.570117
Bus781,243.111696,-0.542953,245.688625,3.668465,236.585814,1.570116
Bus782,243.115668,-0.542956,245.686056,3.668469,236.594244,1.570107
Bus783,243.114296,-0.542963,245.700654,3.668457,236.596503,1.570115
Bus784,243.120272,-0.542972,245.704051,3.668459,236.596633,1.570116
Bus785,243.135974,-0.542992,245.718045,3.668470,236.601296,1.570117
Bus786,243.114802,-0.542972,245.713792,3.668460,236.599139,1.570120
Bus787,243.107267,-0.542940,245.683377,3.668459,236.593784,1.570107
Bus788,243.111696,-0.542953,245.688625,3.668465,236.585783,1.570116
Bus789,243.115668,-0.542956,245.686022,3.668469,236.594244,1.570107
Bus790,243.114188,-0.542963,245.700654,3.668457,236.596504,1.570115
Bus791,243.120272,-0.542972,245.704051,3.668459,236.596633,1.570116
Bus792,243.114631,-0.542971,245.713792,3.668460,236.599140,1.570120
Bus793,243.114173,-0.542971,245.713794,3.668460,236.599146,1.570120
Bus794,243.106465,-0.542937,245.682432,3.668457,236.594274,1.570107
Bus795,243.111696,-0.542953,245.688625,3.668465,236.585756,1.570116
Bus796,243.115669,-0.542956,245.685966,3.668469,236.594244,1.570107
Bus797,243.114078,-0.542963,245.700655,3.668457,236.596505,1.570115
Bus798,243.120272,-0.542972,245.704051,3.668459,236.596633,1.570116
Bus799,243.114483,-0.542971,245.713793,3.668460,236.599142,1.570120
Bus800,243.113167,-0.542970,245.713796,3.668460,236.599157,1.570121
Bus801,243.106356,-0.542937,245.682432,3.668457,236.594275,1.570107
Bus802,243.106599,-0.542937,245.681857,3.668458,236.594321,1.570106
Bus803,243.111696,-0.542953,245.688626,3.668465,236.585726,1.570116
Bus804,243.115673,-0.542956,245.685579,3.668470,236.594245,1.570107
Bus805,243.114026,-0.542963,245.700655,3.668457,236.596506,1.570115
Bus806,243.120272,-0.542972,245.704051,3.668459,236.596633,1.570116
Bus807,243.114360,-0.542971,245.713793,3.668460,236.599143,1.570120
Bus808,243.112307,-0.542969,245.713799,3.668460,236.599166,1.570121
Bus809,243.106248,-0.542937,245.682433,3.668457,236.594276,1.570107
Bus810,243.106947,-0.542935,245.680784,3.668459,236.594429,1.570104
Bus811,243.106599,-0.542937,245.681857,3.668458,236.594321,1.570106
Bus812,243.111696,-0.542953,245.688626,3.668465,236.585707,1.570116
Bus813,243.115682,-0.542956,245.684722,3.668471,236.594248,1.570107
Bus814,243.113942,-0.542962,245.700655,3.668457,236.596507,1.570115
Bus815,243.120272,-0.542972,245.704051,3.668459,236.596633,1.570116
Bus816,243.114265,-0.542971,245.713793,3.668460,236.599145,1.570120
Bus817,243.111821,-0.542969,245.713800,3.668460,236.599172,1.570121
Bus818,243.106139,-0.542937,245.682433,3.668457,236.594278,1.570107
Bus819,243.107239,-0.542934,245.679884,3.668460,236.594519,1.570102
Bus820,243.106947,-0.542935,245.680784,3.668459,236.594429,1.570104
Bus821,243.111697,-0.542953,245.688626,3.668465,236.585677,1.570116
Bus822,243.113864,-0.542962,245.700655,3.668457,236.596508,1.570115
Bus823,243.120272,-0.542972,245.704051,3.668459,236.596633,1.570116
Bus824,243.114168,-0.542971,245.713794,3.668460,236.599146,1.570120
Bus825,243.106031,-0.542937,245.682433,3.668457,236.594279,1.570107
Bus826,243.107553,-0.542933,245.678917,3.668461,236.594616,1.570101
Bus827,243.107239,-0.542934,245.679884,3.668460,236.594519,1.570102
Bus828,243.111697,-0.542953,245.688629,3.668465,236.585431,1.570116
Bus829,243.113752,-0.542962,245.700656,3.668457,236.596509,1.570115
Bus830,243.120272,-0.542972,245.704051,3.668459,236.596633,1.570116
Bus831,243.114084,-0.542971,245.713794,3.668460,236.599147,1.570120
Bus832,243.105923,-0.542937,245.682433,3.668457,236.594280,1.570107
Bus833,243.107811,-0.542932,245.678123,3.668461,236.594696,1.570099
Bus834,243.107553,-0.542933,245.678917,3.668461,236.594616,1.570101
Bus835,243.111700,-0.542953,245.688638,3.668465,236.584585,1.570117
Bus836,243.112569,-0.542961,245.700659,3.668457,236.596522,1.570115
Bus837,243.114023,-0.542971,245.713794,3.668460,236.599147,1.570120
Bus838,243.105814,-0.542937,245.682434,3.668457,236.594281,1.570107
Bus839,243.108087,-0.542931,245.677270,3.668462,236.594781,1.570098
Bus840,243.107811,-0.542932,245.678123,3.668461,236.594696,1.570099
Bus841,243.112095,-0.542961,245.700660,3.668457,236.596527,1.570115
Bus842,243.113953,-0.542971,245.713794,3.668460,236.599148,1.570120
Bus843,243.105706,-0.542936,245.682434,3.668457,236.594282,1.570107
Bus844,243.108087,-0.542931,245.674780,3.668465,236.594781,1.570098
Bus845,243.108087,-0.542931,245.677270,3.668462,236.594781,1.570098
Bus846,243.108087,-0.542931,245.677270,3.668462,236.594781,1.570098
Bus847,243.111855,-0.542960,245.700661,3.668457,236.596530,1.570115
Bus848,243.113847,-0.542971,245.713795,3.668460,236.599149,1.570120
Bus849,243.105653,-0.542936,245.682434,3.668457,236.594283,1.570107
Bus850,243.108087,-0.542931,245.674415,3.668465,236.594781,1.570098
Bus851,243.108087,-0.542931,245.677270,3.668462,236.594781,1.570098
Bus852,243.108087,-0.542931,245.677270,3.668462,236.594781,1.570098
Bus853,243.111802,-0.542960,245.700661,3.668457,236.596531,1.570115
Bus854,243.113674,-0.542971,245.713795,3.668460,236.599151,1.570120
Bus855,243.104464,-0.542935,245.682437,3.668457,236.594296,1.570107
Bus856,243.108087,-0.542931,245.673389,3.668466,236.594781,1.570098
Bus857,243.108087,-0.542931,245.677270,3.668462,236.594781,1.570098
Bus858,243.108087,-0.542931,245.677270,3.668462,236.594781,1.570098
Bus859,243.111760,-0.542960,245.700661,3.668457,236.596531,1.570115
Bus860,243.113036,-0.542970,245.713797,3.668460,236.599158,1.570121
Bus861,243.111680,-0.542968,245.713800,3.668460,236.599173,1.570121
Bus862,243.103690,-0.542934,245.682439,3.668457,236.594305,1.570107
Bus863,243.108087,-0.542931,245.672184,3.668467,236.594781,1.570098
Bus864,243.108087,-0.542931,245.677270,3.668462,236.594781,1.570098
Bus865,243.108087,-0.542931,245.677270,3.668462,236.594781,1.570098
Bus866,243.111715,-0.542960,245.700661,3.668457,236.596531,1.570115
Bus867,243.103014,-0.542934,245.682441,3.668457,236.594312,1.570107
Bus868,243.108087,-0.542931,245.672027,3.668467,236.594781,1.570098
Bus869,243.108087,-0.542931,245.677270,3.668462,236.594781,1.570098
Bus870,243.108087,-0.542931,245.677270,3.668462,236.594781,1.570098
Bus871,243.111679,-0.542960,245.700661,3.668457,236.596532,1.570115
Bus872,243.102304,-0.542933,245.682443,3.668457,236.594320,1.570107
Bus873,243.108087,-0.542931,245.671934,3.668468,236.594781,1.570098
Bus874,243.108087,-0.542931,245.671798,3.668468,236.594781,1.570098
Bus875,243.108087,-0.542931,245.677270,3.668462,236.594781,1.570098
Bus876,243.108087,-0.542931,245.677270,3.668462,236.594781,1.570098
Bus877,243.111644,-0.542960,245.700661,3.668457,236.596532,1.570115
Bus878,243.101093,-0.542932,245.682446,3.668457,236.594334,1.570107
Bus879,243.108087,-0.542931,245.671848,3.668468,236.594781,1.570098
Bus880,243.108087,-0.542931,245.671260,3.668468,236.594781,1.570098
Bus881,243.108087,-0.542931,245.677270,3.668462,236.594781,1.570098
Bus882,243.108087,-0.542931,245.677270,3.668462,236.594781,1.570098
Bus883,243.111610,-0.542960,245.700661,3.668457,236.596533,1.570115
Bus884,243.100796,-0.542931,245.682447,3.668457,236.594337,1.570107
Bus885,243.108087,-0.542931,245.671716,3.668468,236.594781,1.570098
Bus886,243.108087,-0.542931,245.669985,3.668470,236.594781,1.570098
Bus887,243.111575,-0.542960,245.700661,3.668457,236.596533,1.570115
Bus888,243.100627,-0.542931,245.682448,3.668457,236.594339,1.570107
Bus889,243.100213,-0.542931,245.682442,3.668457,236.594318,1.570107
Bus890,243.108087,-0.542931,245.671551,3.668468,236.594781,1.570098
Bus891,243.110961,-0.542959,245.700663,3.668457,236.596540,1.570116
Bus892,243.100351,-0.542931,245.682448,3.668457,236.594342,1.570107
Bus893,243.099720,-0.542931,245.682439,3.668457,236.594301,1.570107
Bus894,243.108087,-0.542931,245.670905,3.668469,236.594781,1.570098
Bus895,243.109586,-0.542958,245.700667,3.668457,236.596555,1.570116
Bus896,243.110111,-0.542959,245.700665,3.668457,236.596549,1.570116
Bus897,243.100296,-0.542931,245.682448,3.668457,236.594343,1.570107
Bus898,243.098889,-0.542930,245.682432,3.668457,236.594274,1.570107
Bus899,243.108087,-0.542931,245.669732,3.668470,236.594781,1.570098
Bus900,243.108673,-0.542957,245.700669,3.668457,236.596565,1.570116
Bus901,243.100250,-0.542931,245.682449,3.668457,236.594343,1.570107
Bus902,243.100211,-0.542931,245.682449,3.668457,236.594344,1.570107
Bus903,243.100160,-0.542931,245.682449,3.668457,236.594344,1.570107
Bus904,243.100068,-0.542931,245.682449,3.668457,236.594345,1.570107
Bus905,243.099909,-0.542931,245.682450,3.668457,236.594347,1.570107
Bus906,243.098607,-0.542929,245.682453,3.668457,236.594361,1.570107
SourceBus_1,6655.336406,-0.002199,6661.058813,4.186429,6657.261110,2.091371
LOAD1,246.534742,-0.535489,250.279453,3.655830,248.721156,1.565106
LOAD2,244.221710,-0.535016,249.714471,3.654768,247.409089,1.568213
LOAD3,246.533909,-0.535488,250.279456,3.655830,248.721165,1.565106
LOAD4,236.388216,-0.530144,248.797589,3.652735,245.258432,1.573665
LOAD5,237.002135,-0.530783,248.795691,3.652770,245.251665,1.573641
LOAD6,244.221714,-0.535016,249.714162,3.654769,247.409090,1.568213
LOAD7,241.148357,-0.536716,247.866782,3.657613,242.732836,1.572867
LOAD8,241.148212,-0.536718,247.871263,3.657609,242.722064,1.572875
LOAD9,241.142477,-0.536711,247.870098,3.657607,242.732183,1.572864
LOAD10,241.148151,-0.536715,247.861064,3.657615,242.732206,1.572863
LOAD11,241.148149,-0.536715,247.861269,3.657615,242.732206,1.572863
LOAD12,241.148219,-0.536718,247.871288,3.657609,242.719795,1.572878
LOAD13,241.683194,-0.538360,247.270175,3.660686,241.103347,1.572440
LOAD14,241.679037,-0.538356,247.278762,3.660676,241.104930,1.572444
LOAD15,241.683187,-0.538360,247.270809,3.660685,241.103345,1.572440
LOAD16,241.683332,-0.538364,247.278572,3.660680,241.091560,1.572451
LOAD17,241.683325,-0.538364,247.278547,3.660680,241.093839,1.572448
LOAD18,244.353040,-0.545982,244.309687,3.675073,230.114817,1.572111
LOAD19,242.950641,-0.542249,245.920745,3.667327,237.288902,1.570382
LOAD20,243.660142,-0.544123,245.084205,3.671213,235.280125,1.569427
LOAD21,242.786872,-0.541757,246.091500,3.666483,237.773977,1.570643
LOAD22,243.659184,-0.544122,245.084207,3.671213,235.280136,1.569427
LOAD23,244.628362,-0.544574,243.343353,3.675731,233.535292,1.566883
LOAD24,243.155639,-0.543044,245.745034,3.668498,236.014382,1.570739
LOAD25,246.831080,-0.535356,236.255992,3.681950,234.350877,1.553767
LOAD26,243.137467,-0.542994,245.719831,3.668471,236.601938,1.570116
LOAD27,243.150257,-0.543008,245.735196,3.668475,236.601796,1.570123
LOAD28,243.150257,-0.543008,245.735196,3.668475,236.601849,1.570123
LOAD29,247.534997,-0.532510,234.034681,3.683992,234.612217,1.549664
LOAD30,246.831273,-0.535356,236.255991,3.681950,234.350875,1.553767
LOAD31,247.535100,-0.532510,234.034680,3.683993,234.612216,1.549664
LOAD32,243.133429,-0.542991,245.718488,3.668467,236.596253,1.570122
LOAD33,248.440087,-0.528962,231.237119,3.686637,234.940193,1.544504
LOAD34,246.245247,-0.537782,238.133987,3.680262,234.131395,1.557235
LOAD35,248.894385,-0.527172,226.541307,3.691640,235.116860,1.541895
LOAD36,248.116662,-0.530238,232.235163,3.685687,234.824193,1.546356
LOAD37,248.116660,-0.530238,232.235281,3.685687,234.824193,1.546356
LOAD38,243.128509,-0.542985,245.711117,3.668466,236.599315,1.570119
LOAD39,243.124711,-0.542982,245.710530,3.668462,236.591008,1.570125
LOAD40,243.122057,-0.542975,245.702924,3.668463,236.596735,1.570116
LOAD41,243.115685,-0.542956,245.684492,3.668471,236.594249,1.570107
LOAD42,243.124712,-0.542982,245.710535,3.668462,236.590567,1.570125
LOAD43,243.111702,-0.542953,245.688644,3.668465,236.584071,1.570117
LOAD44,243.135974,-0.542992,245.718045,3.668470,236.601296,1.570117
LOAD45,243.115682,-0.542956,245.684722,3.668471,236.594248,1.570107
LOAD46,243.111821,-0.542969,245.713800,3.668460,236.599172,1.570121
LOAD47,243.111700,-0.542953,245.688638,3.668465,236.584585,1.570117
LOAD48,243.113036,-0.542970,245.713797,3.668460,236.599158,1.570121
LOAD49,243.111680,-0.542968,245.713800,3.668460,236.599173,1.570121
LOAD50,243.108087,-0.542931,245.669985,3.668470,236.594781,1.570098
LOAD51,243.110111,-0.542959,245.700665,3.668457,236.596549,1.570116
LOAD52,243.098889,-0.542930,245.682432,3.668457,236.594274,1.570107
LOAD53,243.108087,-0.542931,245.669732,3.668470,236.594781,1.570098
LOAD54,243.108673,-0.542957,245.700669,3.668457,236.596565,1.570116
LOAD55,243.098607,-0.542929,245.682453,3.668457,236.594361,1.570107
